{"cameraMode":{"drawMode":0,"name":"Shaded","section":"Shading Mode"},"sceneLighting":true,"audioPlay":false,"sceneViewState":{"showFog":true,"showMaterialUpdate":false,"showSkybox":true,"showFlares":true,"showImageEffects":true,"showParticleSystems":true},"in2DMode":false,"pivot":{"x":-82.25811767578125,"y":2.881092071533203,"z":5.886527061462402},"rotation":{"x":0.02107817679643631,"y":0.9097883701324463,"z":-0.4122096300125122,"w":0.04676129296422005},"size":110.60088348388672,"orthographic":false}